affect;likableness;category
85;85;AffectiveLikable
29;89;AffectiveLikable
65;100;AffectiveLikable
63.5;80.5;AffectiveLikable
60;80.5;AffectiveLikable
51;93;AffectiveLikable
59.5;85;AffectiveLikable
73.5;87;AffectiveLikable
65.5;99.5;AffectiveLikable
59.5;84.5;AffectiveLikable
56;89;AffectiveLikable
77.5;100;AffectiveLikable
75;95;AffectiveLikable
39;92;AffectiveLikable
75;85.5;AffectiveLikable
79;75;AffectiveLikable
90.5;84;AffectiveLikable
45;95;AffectiveLikable
100;100;AffectiveLikable
68.5;99.5;AffectiveLikable
85;95;AffectiveLikable
80;100;AffectiveLikable
93;94;AffectiveLikable
62.5;78.5;AffectiveLikable
77.5;100;AffectiveLikable
67.5;96.5;AffectiveLikable
75.5;78.5;AffectiveLikable
95;100;AffectiveLikable
95;100;AffectiveLikable
88.5;98.5;AffectiveLikable
94.5;90.5;AffectiveLikable
81;100;AffectiveLikable
35;100;AffectiveLikable
91;89;AffectiveLikable
45;85;AffectiveLikable
49;93.5;AffectiveLikable
60.5;92.5;AffectiveLikable
74.5;86;AffectiveLikable
58;69.5;AffectiveLikable
79.5;86;AffectiveLikable
38.5;92;AffectiveLikable
79.5;100;AffectiveLikable
72;80.5;AffectiveLikable
89.5;82.5;AffectiveLikable
55.5;100;AffectiveLikable
83;73.5;AffectiveLikable
90;85;AffectiveLikable
50;70;AffectiveLikable
85;100;AffectiveLikable
67;96.5;AffectiveLikable
85;95;AffectiveLikable
95;80;AffectiveLikable
97.5;83.5;AffectiveLikable
46;64.5;AffectiveLikable
62.5;95;AffectiveLikable
95;100;AffectiveLikable
49;73;AffectiveLikable
87.5;100;AffectiveLikable
41;99.5;AffectiveLikable
83;93.5;AffectiveLikable
94;89.5;AffectiveLikable
100;100;AffectiveLikable
100;95.5;AffectiveLikable
90.5;85;AffectiveLikable
75;90;AffectiveLikable
79;91.5;AffectiveLikable
54.5;88.5;AffectiveLikable
81.5;88.5;AffectiveLikable
54.5;95;AffectiveLikable
78.5;75;AffectiveLikable
62;93.5;AffectiveLikable
90;95;AffectiveLikable
80;95.5;AffectiveLikable
76;84.5;AffectiveLikable
94.5;100;AffectiveLikable
70.5;78;AffectiveLikable
85.5;85;AffectiveLikable
46;75.5;AffectiveLikable
70;80;AffectiveLikable
65.5;94;AffectiveLikable
90;95;AffectiveLikable
95;95;AffectiveLikable
93.5;96.5;AffectiveLikable
45.5;72;AffectiveLikable
75;90;AffectiveLikable
72.5;95;AffectiveLikable
30.5;90.5;AffectiveLikable
100;100;AffectiveLikable
94.5;100;AffectiveLikable
85.5;93.5;AffectiveLikable
84.5;85.5;AffectiveLikable
80;100;AffectiveLikable
7.5;100;AffectiveLikable
41;89.5;AffectiveLikable
54;79.5;AffectiveLikable
58;87;AffectiveLikable
65;90;AffectiveLikable
85;95.5;AffectiveLikable
79.5;90.5;AffectiveLikable
75.5;87;AffectiveLikable
56.5;90.5;AffectiveLikable
84.5;100;AffectiveLikable
86.5;95;AffectiveLikable
36.5;86;AffectiveLikable
60.5;99.5;AffectiveLikable
67;76;AffectiveLikable
76.5;69.5;AffectiveLikable
45;89.5;AffectiveLikable
95;80;AffectiveLikable
77.5;96;AffectiveLikable
95;90;AffectiveLikable
79.5;100;AffectiveLikable
92.5;90;AffectiveLikable
48;58.5;AffectiveLikable
77.5;97.5;AffectiveLikable
65;100;AffectiveLikable
53.5;90;AffectiveLikable
100;100;AffectiveLikable
90;99;AffectiveLikable
92.5;98;AffectiveLikable
99;67.5;AffectiveLikable
100;100;AffectiveLikable
95;80;AffectiveLikable
56;93;AffectiveLikable
65;87.5;AffectiveLikable
87.5;93;AffectiveLikable
47.5;87;AffectiveLikable
83.5;87.5;AffectiveLikable
88;90.5;AffectiveLikable
88.5;72.5;AffectiveLikable
65;94;AffectiveLikable
100;95;AffectiveLikable
91;84.5;AffectiveLikable
90;89;AffectiveLikable
60.5;85;AffectiveLikable
90;70.5;AffectiveLikable
80;79;AffectiveLikable
25;74;AffectiveLikable
90;80;AffectiveLikable
90.5;81.5;AffectiveLikable
100;77.5;AffectiveLikable
89.5;75;AffectiveLikable
89.5;65.5;AffectiveLikable
60;80;AffectiveLikable
92.5;92.5;AffectiveLikable
92.5;87.5;AffectiveLikable
94.5;92.5;AffectiveLikable
100;100;AffectiveLikable
88.5;100;AffectiveLikable
83;88;AffectiveLikable
95;80;AffectiveLikable
80;80;AffectiveLikable
100;95;AffectiveLikable
55;71;AffectiveLikable
76.5;90;AffectiveLikable
70.5;80;AffectiveLikable
58.5;84;AffectiveLikable
95;85;AffectiveLikable
90.5;89.5;AffectiveLikable
82;80.5;AffectiveLikable
63;77.5;AffectiveLikable
100;87.5;AffectiveLikable
95.5;82.5;AffectiveLikable
92.5;66.5;AffectiveLikable
65;89.5;AffectiveLikable
87.5;81;AffectiveLikable
75;69.5;AffectiveLikable
53.5;90;AffectiveLikable
100;80;AffectiveLikable
74.5;85;AffectiveLikable
100;90;AffectiveLikable
95.5;90;AffectiveLikable
98;84.5;AffectiveLikable
67.5;72.5;AffectiveLikable
85;77.5;AffectiveLikable
100;95;AffectiveLikable
89.5;91;AffectiveLikable
100;100;AffectiveLikable
74.5;75.5;AffectiveLikable
77;87.5;AffectiveLikable
97;78;AffectiveLikable
80;80;AffectiveLikable
100;97;AffectiveLikable
66.5;75.5;AffectiveLikable
91.5;89.5;AffectiveLikable
82.5;82.5;AffectiveLikable
68;86.5;AffectiveLikable
96;89;AffectiveLikable
100;80;AffectiveLikable
91;88;AffectiveLikable
64;89;AffectiveLikable
95;100;AffectiveLikable
70;92.5;AffectiveLikable
91;84.5;AffectiveLikable
95;99.5;AffectiveLikable
98;79.5;AffectiveLikable
85.5;80;AffectiveLikable
44;80.5;AffectiveLikable
100;100;AffectiveLikable
63.5;93;AffectiveLikable
100;95;AffectiveLikable
95;100;AffectiveLikable
100;95.5;AffectiveLikable
57.5;79;AffectiveLikable
90;87.5;AffectiveLikable
97.5;97.5;AffectiveLikable
93.5;89;AffectiveLikable
95;100;AffectiveLikable
80;89.5;AffectiveLikable
86.5;83;AffectiveLikable
94;69.5;AffectiveLikable
100;80;AffectiveLikable
100;72.5;AffectiveLikable
66;74;AffectiveLikable
83;75;AffectiveLikable
84.5;80;AffectiveLikable
53.5;65;AffectiveLikable
87.5;75;AffectiveLikable
54;85;AffectiveLikable
85.5;80.5;AffectiveLikable
77;74.5;AffectiveLikable
95;67.5;AffectiveLikable
60;77.5;AffectiveLikable
92;72;AffectiveLikable
84.5;80;AffectiveLikable
82;51;AffectiveLikable
79.5;39.5;AffectiveLikable
65.5;70.5;AffectiveLikable
35;40;AffectiveLikable
83;82;AffectiveLikable
92.5;77.5;AffectiveLikable
84.5;80;AffectiveLikable
100;49.5;AffectiveLikable
60.5;79.5;AffectiveLikable
67.5;77.5;AffectiveLikable
100;70;AffectiveLikable
75;73;AffectiveLikable
62.5;75;AffectiveLikable
65.5;89.5;AffectiveLikable
87;71;AffectiveLikable
100;75;AffectiveLikable
90;20;AffectiveLikable
85;72.5;AffectiveLikable
71;86.5;AffectiveLikable
85.5;80;AffectiveLikable
94.5;76.5;AffectiveLikable
46.5;56.5;AffectiveLikable
94;82;AffectiveLikable
78;59.5;AffectiveLikable
88.5;77.5;AffectiveLikable
80.5;76.5;AffectiveLikable
100;86;AffectiveLikable
95;80;AffectiveLikable
86.5;90.5;AffectiveLikable
45.5;80.5;AffectiveLikable
95.5;69.5;AffectiveLikable
80;80;AffectiveLikable
63.5;60.5;AffectiveLikable
90;70;AffectiveLikable
72.5;63.5;AffectiveLikable
100;62.5;AffectiveLikable
100;59.5;AffectiveLikable
100;49.5;AffectiveLikable
59;69;AffectiveLikable
100;62.5;AffectiveLikable
100;85;AffectiveLikable
92.5;91;AffectiveLikable
87.5;90;AffectiveLikable
76.5;60;AffectiveLikable
88;90.5;AffectiveLikable
0.5;17.5;AffectiveUnlikable
30;20;AffectiveUnlikable
27.5;22.5;AffectiveUnlikable
42.5;7.5;AffectiveUnlikable
37;15;AffectiveUnlikable
13.5;15.5;AffectiveUnlikable
63.5;8.5;AffectiveUnlikable
67;19;AffectiveUnlikable
13;24;AffectiveUnlikable
21.5;17.5;AffectiveUnlikable
35;11.5;AffectiveUnlikable
21;4.5;AffectiveUnlikable
56;0;AffectiveUnlikable
83.5;8.5;AffectiveUnlikable
85;0;AffectiveUnlikable
49.5;7.5;AffectiveUnlikable
25;10;AffectiveUnlikable
54.5;15;AffectiveUnlikable
0;20;AffectiveUnlikable
93;1;AffectiveUnlikable
7.5;15;AffectiveUnlikable
89.5;0;AffectiveUnlikable
87.5;6.5;AffectiveUnlikable
49.5;33;AffectiveUnlikable
42.5;2.5;AffectiveUnlikable
77.5;1;AffectiveUnlikable
88;7.5;AffectiveUnlikable
95;0;AffectiveUnlikable
25.5;0;AffectiveUnlikable
34.5;2;AffectiveUnlikable
5;9.5;AffectiveUnlikable
0;0;AffectiveUnlikable
92.5;5;AffectiveUnlikable
29.5;13.5;AffectiveUnlikable
5;4.5;AffectiveUnlikable
63.5;1;AffectiveUnlikable
83;2.5;AffectiveUnlikable
82.5;1.5;AffectiveUnlikable
42;15;AffectiveUnlikable
80;9.5;AffectiveUnlikable
31;10.5;AffectiveUnlikable
26;18;AffectiveUnlikable
46;15;AffectiveUnlikable
73;12;AffectiveUnlikable
64;0.5;AffectiveUnlikable
59.5;10;AffectiveUnlikable
70;10;AffectiveUnlikable
50;0;AffectiveUnlikable
0;30;AffectiveUnlikable
68.5;3.5;AffectiveUnlikable
100;5;AffectiveUnlikable
60;0;AffectiveUnlikable
90;1.5;AffectiveUnlikable
58;23;AffectiveUnlikable
75;10;AffectiveUnlikable
92.5;2;AffectiveUnlikable
94;5;AffectiveUnlikable
100;0;AffectiveUnlikable
10;15;AffectiveUnlikable
0;0;AffectiveUnlikable
0.5;7;AffectiveUnlikable
0;0;AffectiveUnlikable
80;0;AffectiveUnlikable
28;25;AffectiveUnlikable
9.5;5;AffectiveUnlikable
59.5;9;AffectiveUnlikable
83;2.5;AffectiveUnlikable
76;0;AffectiveUnlikable
12.5;12.5;AffectiveUnlikable
30.5;10;AffectiveUnlikable
43.5;5;AffectiveUnlikable
37;12.5;AffectiveUnlikable
40;5;AffectiveUnlikable
71;11.5;AffectiveUnlikable
60;0.5;AffectiveUnlikable
79;0;AffectiveUnlikable
20;15.5;AffectiveUnlikable
60;0.5;AffectiveUnlikable
5;15;AffectiveUnlikable
65;24.5;AffectiveUnlikable
75;2.5;AffectiveUnlikable
86;0;AffectiveUnlikable
81;4;AffectiveUnlikable
65;32;AffectiveUnlikable
45;5;AffectiveUnlikable
65;7.5;AffectiveUnlikable
97;6;AffectiveUnlikable
95;0;AffectiveUnlikable
30.5;17.5;AffectiveUnlikable
5.5;3.5;AffectiveUnlikable
44.5;27;AffectiveUnlikable
0;0;AffectiveUnlikable
95;16;AffectiveUnlikable
53.5;37;AffectiveUnlikable
30;14.5;AffectiveUnlikable
71.5;5.5;AffectiveUnlikable
57.5;20;AffectiveUnlikable
40.5;27.5;AffectiveUnlikable
60;24.5;AffectiveUnlikable
79;17;AffectiveUnlikable
31;15.5;AffectiveUnlikable
65;17.5;AffectiveUnlikable
70;10;AffectiveUnlikable
91.5;13.5;AffectiveUnlikable
20;45.5;AffectiveUnlikable
91;6.5;AffectiveUnlikable
55.5;10.5;AffectiveUnlikable
44.5;20.5;AffectiveUnlikable
0;5;AffectiveUnlikable
56;14;AffectiveUnlikable
30;55;AffectiveUnlikable
95;0;AffectiveUnlikable
84;4;AffectiveUnlikable
62.5;30;AffectiveUnlikable
52.5;15;AffectiveUnlikable
100;5;AffectiveUnlikable
97.5;4;AffectiveUnlikable
77.5;0;AffectiveUnlikable
8.5;0;AffectiveUnlikable
41;1.5;AffectiveUnlikable
55.5;45;AffectiveUnlikable
40;20;AffectiveUnlikable
100;30;AffectiveUnlikable
56;22.5;AffectiveUnlikable
85;15;AffectiveUnlikable
87;12;AffectiveUnlikable
66;12;AffectiveUnlikable
81.5;7;AffectiveUnlikable
85.5;24.5;AffectiveUnlikable
88.5;14.5;AffectiveUnlikable
75;10;AffectiveUnlikable
80;5.5;AffectiveUnlikable
31;15;AffectiveUnlikable
89.5;11.5;AffectiveUnlikable
45;24.5;AffectiveUnlikable
70;15;AffectiveUnlikable
44.5;7.5;AffectiveUnlikable
95;19.5;AffectiveUnlikable
0;0;AffectiveUnlikable
85.5;5;AffectiveUnlikable
80;57.5;AffectiveUnlikable
95;0;AffectiveUnlikable
90.5;25;AffectiveUnlikable
74.5;48;AffectiveUnlikable
80;0;AffectiveUnlikable
100;8.5;AffectiveUnlikable
99.5;6.5;AffectiveUnlikable
90;0;AffectiveUnlikable
54.5;13.5;AffectiveUnlikable
29;19.5;AffectiveUnlikable
15;35;AffectiveUnlikable
0;10;AffectiveUnlikable
75;10.5;AffectiveUnlikable
66;28.5;AffectiveUnlikable
0;9;AffectiveUnlikable
20.5;17;AffectiveUnlikable
53.5;11.5;AffectiveUnlikable
83;22.5;AffectiveUnlikable
14;23;AffectiveUnlikable
13;13;AffectiveUnlikable
31.5;20.5;AffectiveUnlikable
11;32.5;AffectiveUnlikable
60.5;42.5;AffectiveUnlikable
81.5;15.5;AffectiveUnlikable
65;40;AffectiveUnlikable
79.5;15.5;AffectiveUnlikable
44.5;16.5;AffectiveUnlikable
60;29.5;AffectiveUnlikable
0;10;AffectiveUnlikable
44;6.5;AffectiveUnlikable
92.5;22.5;AffectiveUnlikable
70;0;AffectiveUnlikable
100;8.5;AffectiveUnlikable
30;25;AffectiveUnlikable
80;22.5;AffectiveUnlikable
100;5;AffectiveUnlikable
38;0;AffectiveUnlikable
87.5;0;AffectiveUnlikable
29;20.5;AffectiveUnlikable
19;1.5;AffectiveUnlikable
59.5;10;AffectiveUnlikable
69;10;AffectiveUnlikable
65;36;AffectiveUnlikable
24;28.5;AffectiveUnlikable
85;10.5;AffectiveUnlikable
81;5.5;AffectiveUnlikable
77;6;AffectiveUnlikable
77;17.5;AffectiveUnlikable
74.5;24.5;AffectiveUnlikable
91.5;12;AffectiveUnlikable
82.5;12;AffectiveUnlikable
81;7;AffectiveUnlikable
62.5;30;AffectiveUnlikable
94.5;11.5;AffectiveUnlikable
49.5;65.5;AffectiveUnlikable
89.5;13.5;AffectiveUnlikable
64.5;56;AffectiveUnlikable
89.5;5;AffectiveUnlikable
0;5;AffectiveUnlikable
89;4;AffectiveUnlikable
75;25;AffectiveUnlikable
100;5;AffectiveUnlikable
98;1;AffectiveUnlikable
49;31.5;AffectiveUnlikable
70;25;AffectiveUnlikable
100;0;AffectiveUnlikable
98.5;1;AffectiveUnlikable
75;0;AffectiveUnlikable
19.5;24.5;AffectiveUnlikable
31;4;AffectiveUnlikable
85.5;50.5;AffectiveUnlikable
20;20;AffectiveUnlikable
100;38.5;AffectiveUnlikable
45;25.5;AffectiveUnlikable
80;14;AffectiveUnlikable
54.5;24;AffectiveUnlikable
60.5;16;AffectiveUnlikable
64.5;27.5;AffectiveUnlikable
65;10.5;AffectiveUnlikable
84;24.5;AffectiveUnlikable
56.5;7.5;AffectiveUnlikable
67;9;AffectiveUnlikable
80;21;AffectiveUnlikable
74;22.5;AffectiveUnlikable
55.5;55;AffectiveUnlikable
82.5;9.5;AffectiveUnlikable
55;15.5;AffectiveUnlikable
44.5;39.5;AffectiveUnlikable
0;0;AffectiveUnlikable
66;11;AffectiveUnlikable
85;22.5;AffectiveUnlikable
100;0;AffectiveUnlikable
95.5;4.5;AffectiveUnlikable
73;28.5;AffectiveUnlikable
60;12.5;AffectiveUnlikable
85;2.5;AffectiveUnlikable
66;6;AffectiveUnlikable
35;0;AffectiveUnlikable
36.5;12.5;AffectiveUnlikable
64;2;AffectiveUnlikable
54.5;40;AffectiveUnlikable
10;10;AffectiveUnlikable
85;35;AffectiveUnlikable
62.5;24;AffectiveUnlikable
75;15;AffectiveUnlikable
61.5;13.5;AffectiveUnlikable
67;7;AffectiveUnlikable
68.5;15.5;AffectiveUnlikable
80;20;AffectiveUnlikable
85;13;AffectiveUnlikable
56;8.5;AffectiveUnlikable
70;9;AffectiveUnlikable
50;4.5;AffectiveUnlikable
85;17;AffectiveUnlikable
60;60;AffectiveUnlikable
74.5;10.5;AffectiveUnlikable
43.5;12.5;AffectiveUnlikable
65.5;28.5;AffectiveUnlikable
35;10;AffectiveUnlikable
61.5;4;AffectiveUnlikable
92.5;12.5;AffectiveUnlikable
94.5;5;AffectiveUnlikable
75;6;AffectiveUnlikable
43.5;29.5;AffectiveUnlikable
85;27.5;AffectiveUnlikable
100;0;AffectiveUnlikable
94.5;4.5;AffectiveUnlikable
5;0;AffectiveUnlikable
36;0.5;AffectiveUnlikable
19;0;AffectiveUnlikable
87.5;81;NonaffectiveLikable
70;80;NonaffectiveLikable
45;100;NonaffectiveLikable
77;84;NonaffectiveLikable
54.5;89;NonaffectiveLikable
50.5;89;NonaffectiveLikable
61.5;83;NonaffectiveLikable
86;78;NonaffectiveLikable
69.5;90;NonaffectiveLikable
48;87.5;NonaffectiveLikable
74.5;89;NonaffectiveLikable
67;95;NonaffectiveLikable
93.5;96.5;NonaffectiveLikable
46;85;NonaffectiveLikable
90.5;100;NonaffectiveLikable
86.5;76;NonaffectiveLikable
75.5;70;NonaffectiveLikable
45;83;NonaffectiveLikable
95;75;NonaffectiveLikable
69;84.5;NonaffectiveLikable
95;87.5;NonaffectiveLikable
70.5;91;NonaffectiveLikable
100;90;NonaffectiveLikable
57;79;NonaffectiveLikable
70;92.5;NonaffectiveLikable
75;99;NonaffectiveLikable
95;93.5;NonaffectiveLikable
100;100;NonaffectiveLikable
28;94;NonaffectiveLikable
86;87;NonaffectiveLikable
65;70;NonaffectiveLikable
30;70;NonaffectiveLikable
0;82.5;NonaffectiveLikable
46.5;79;NonaffectiveLikable
39.5;75;NonaffectiveLikable
24;90;NonaffectiveLikable
36;77;NonaffectiveLikable
68;88;NonaffectiveLikable
7.5;87;NonaffectiveLikable
36.5;64;NonaffectiveLikable
15.5;92;NonaffectiveLikable
62;100;NonaffectiveLikable
20.5;83.5;NonaffectiveLikable
22.5;82;NonaffectiveLikable
65.5;94;NonaffectiveLikable
25;55;NonaffectiveLikable
80.5;80;NonaffectiveLikable
44;69.5;NonaffectiveLikable
55;55;NonaffectiveLikable
45;96;NonaffectiveLikable
30;75;NonaffectiveLikable
65;90;NonaffectiveLikable
54;79;NonaffectiveLikable
55.5;73;NonaffectiveLikable
17.5;82.5;NonaffectiveLikable
17.5;100;NonaffectiveLikable
5;65.5;NonaffectiveLikable
67.5;100;NonaffectiveLikable
76.5;97;NonaffectiveLikable
70.5;73;NonaffectiveLikable
80;79;NonaffectiveLikable
30;80;NonaffectiveLikable
0;97.5;NonaffectiveLikable
50;79.5;NonaffectiveLikable
30;85;NonaffectiveLikable
40;86;NonaffectiveLikable
45;87.5;NonaffectiveLikable
63;81.5;NonaffectiveLikable
60;78.5;NonaffectiveLikable
40;82;NonaffectiveLikable
36.5;95.5;NonaffectiveLikable
74;100;NonaffectiveLikable
50;87.5;NonaffectiveLikable
46;82.5;NonaffectiveLikable
39.5;90;NonaffectiveLikable
67.5;93;NonaffectiveLikable
85;80;NonaffectiveLikable
54.5;49;NonaffectiveLikable
65;75;NonaffectiveLikable
46.5;95.5;NonaffectiveLikable
62.5;95;NonaffectiveLikable
74;100;NonaffectiveLikable
82;79;NonaffectiveLikable
67.5;73;NonaffectiveLikable
40;87.5;NonaffectiveLikable
55;85;NonaffectiveLikable
34;79;NonaffectiveLikable
75;95;NonaffectiveLikable
98.5;100;NonaffectiveLikable
87.5;93.5;NonaffectiveLikable
83.5;91.5;NonaffectiveLikable
70;100;NonaffectiveLikable
15;74.5;NonaffectiveLikable
33;84.5;NonaffectiveLikable
50;90;NonaffectiveLikable
70.5;94.5;NonaffectiveLikable
64;84;NonaffectiveLikable
73.5;91.5;NonaffectiveLikable
90;91.5;NonaffectiveLikable
70;89.5;NonaffectiveLikable
52.5;90.5;NonaffectiveLikable
75;100;NonaffectiveLikable
80;95;NonaffectiveLikable
61.5;78.5;NonaffectiveLikable
69.5;95;NonaffectiveLikable
88;82.5;NonaffectiveLikable
85;80;NonaffectiveLikable
40.5;85;NonaffectiveLikable
95;70;NonaffectiveLikable
65;96;NonaffectiveLikable
75;92.5;NonaffectiveLikable
80;100;NonaffectiveLikable
87;85;NonaffectiveLikable
50.5;74.5;NonaffectiveLikable
40;87.5;NonaffectiveLikable
65;80;NonaffectiveLikable
18;76;NonaffectiveLikable
100;97.5;NonaffectiveLikable
89.5;90;NonaffectiveLikable
84.5;95;NonaffectiveLikable
85;80;NonaffectiveLikable
20;70;NonaffectiveLikable
55;90;NonaffectiveLikable
32;79.5;NonaffectiveLikable
60;84.5;NonaffectiveLikable
55.5;73;NonaffectiveLikable
50;68.5;NonaffectiveLikable
70.5;75.5;NonaffectiveLikable
65;60;NonaffectiveLikable
37;80;NonaffectiveLikable
55.5;89;NonaffectiveLikable
69;85;NonaffectiveLikable
89.5;88;NonaffectiveLikable
59;83.5;NonaffectiveLikable
75;70;NonaffectiveLikable
75.5;55.5;NonaffectiveLikable
72;45.5;NonaffectiveLikable
44.5;80;NonaffectiveLikable
55;57.5;NonaffectiveLikable
57;80;NonaffectiveLikable
95;75;NonaffectiveLikable
89;69.5;NonaffectiveLikable
63;72;NonaffectiveLikable
52.5;48.5;NonaffectiveLikable
62.5;42.5;NonaffectiveLikable
47.5;57.5;NonaffectiveLikable
85.5;87.5;NonaffectiveLikable
95;95;NonaffectiveLikable
50;74.5;NonaffectiveLikable
71.5;84;NonaffectiveLikable
43.5;81.5;NonaffectiveLikable
30;70;NonaffectiveLikable
0;97;NonaffectiveLikable
32;77;NonaffectiveLikable
14.5;89.5;NonaffectiveLikable
20;92.5;NonaffectiveLikable
26;91;NonaffectiveLikable
62;75;NonaffectiveLikable
13.5;90;NonaffectiveLikable
20;89.5;NonaffectiveLikable
18.5;89.5;NonaffectiveLikable
18.5;100;NonaffectiveLikable
38.5;90;NonaffectiveLikable
10;89;NonaffectiveLikable
60.5;89.5;NonaffectiveLikable
58;52.5;NonaffectiveLikable
56.5;37.5;NonaffectiveLikable
40;74.5;NonaffectiveLikable
90;65;NonaffectiveLikable
45.5;73.5;NonaffectiveLikable
0;100;NonaffectiveLikable
45;99.5;NonaffectiveLikable
70.5;98.5;NonaffectiveLikable
68.5;49;NonaffectiveLikable
5;100;NonaffectiveLikable
5;100;NonaffectiveLikable
33;96.5;NonaffectiveLikable
5;100;NonaffectiveLikable
100;99.5;NonaffectiveLikable
61.5;88.5;NonaffectiveLikable
25;87.5;NonaffectiveLikable
50;100;NonaffectiveLikable
0;100;NonaffectiveLikable
42.5;80.5;NonaffectiveLikable
25;94.5;NonaffectiveLikable
20;99;NonaffectiveLikable
25;88;NonaffectiveLikable
72.5;82.5;NonaffectiveLikable
7.5;94.5;NonaffectiveLikable
17.5;88.5;NonaffectiveLikable
21.5;90;NonaffectiveLikable
20;95;NonaffectiveLikable
10;90;NonaffectiveLikable
11.5;88;NonaffectiveLikable
74.5;100;NonaffectiveLikable
25.5;93;NonaffectiveLikable
81.5;77;NonaffectiveLikable
35.5;65.5;NonaffectiveLikable
60;85;NonaffectiveLikable
32;96;NonaffectiveLikable
0;100;NonaffectiveLikable
49.5;100;NonaffectiveLikable
80.5;99.5;NonaffectiveLikable
56;75.5;NonaffectiveLikable
20;100;NonaffectiveLikable
5;97.5;NonaffectiveLikable
1.5;94.5;NonaffectiveLikable
2.5;100;NonaffectiveLikable
93;99;NonaffectiveLikable
73.5;87.5;NonaffectiveLikable
85;84.5;NonaffectiveLikable
50;100;NonaffectiveLikable
0;100;NonaffectiveLikable
36;91;NonaffectiveLikable
35;90.5;NonaffectiveLikable
69;94.5;NonaffectiveLikable
54.5;86.5;NonaffectiveLikable
67;82;NonaffectiveLikable
75;87.5;NonaffectiveLikable
30.5;90.5;NonaffectiveLikable
44.5;92.5;NonaffectiveLikable
70.5;98.5;NonaffectiveLikable
70;94.5;NonaffectiveLikable
37.5;88;NonaffectiveLikable
79.5;100;NonaffectiveLikable
66;93.5;NonaffectiveLikable
73;69;NonaffectiveLikable
50;90;NonaffectiveLikable
95;75;NonaffectiveLikable
72.5;95.5;NonaffectiveLikable
60;87.5;NonaffectiveLikable
80;100;NonaffectiveLikable
83;95;NonaffectiveLikable
67;71.5;NonaffectiveLikable
20;97.5;NonaffectiveLikable
67.5;100;NonaffectiveLikable
22.5;51.5;NonaffectiveLikable
100;100;NonaffectiveLikable
85.5;99.5;NonaffectiveLikable
72;97;NonaffectiveLikable
84.5;85;NonaffectiveLikable
70;100;NonaffectiveLikable
5;97.5;NonaffectiveLikable
73.5;94.5;NonaffectiveLikable
60.5;83;NonaffectiveLikable
57.5;83.5;NonaffectiveLikable
65;81.5;NonaffectiveLikable
73;76.5;NonaffectiveLikable
20;70.5;NonaffectiveLikable
24.5;93;NonaffectiveLikable
38.5;78;NonaffectiveLikable
71.5;55;NonaffectiveLikable
65;80;NonaffectiveLikable
47.5;67.5;NonaffectiveLikable
100;99.5;NonaffectiveLikable
24.5;45;NonaffectiveLikable
65;20;NonaffectiveLikable
31.5;66.5;NonaffectiveLikable
85;80;NonaffectiveLikable
72.5;75.5;NonaffectiveLikable
40;50;NonaffectiveLikable
80;80;NonaffectiveLikable
57;90.5;NonaffectiveLikable
66.5;77.5;NonaffectiveLikable
12.5;67.5;NonaffectiveLikable
10;65;NonaffectiveLikable
11.5;89;NonaffectiveLikable
42.5;82.5;NonaffectiveLikable
73;99.5;NonaffectiveLikable
69.5;71;NonaffectiveLikable
29.5;49.5;NonaffectiveUnlikable
30;40;NonaffectiveUnlikable
82.5;22.5;NonaffectiveUnlikable
28.5;29;NonaffectiveUnlikable
29.5;19;NonaffectiveUnlikable
11.5;44.5;NonaffectiveUnlikable
27.5;30;NonaffectiveUnlikable
65;24;NonaffectiveUnlikable
5.5;24;NonaffectiveUnlikable
64;28;NonaffectiveUnlikable
31.5;18;NonaffectiveUnlikable
17.5;30;NonaffectiveUnlikable
2.5;15;NonaffectiveUnlikable
56.5;11.5;NonaffectiveUnlikable
70;55;NonaffectiveUnlikable
55.5;25;NonaffectiveUnlikable
43.5;15;NonaffectiveUnlikable
19.5;42.5;NonaffectiveUnlikable
0;10;NonaffectiveUnlikable
46.5;4;NonaffectiveUnlikable
27.5;70;NonaffectiveUnlikable
80;30.5;NonaffectiveUnlikable
55.5;2.5;NonaffectiveUnlikable
51;32;NonaffectiveUnlikable
12.5;0;NonaffectiveUnlikable
42.5;0;NonaffectiveUnlikable
4;12;NonaffectiveUnlikable
87.5;0;NonaffectiveUnlikable
9;0;NonaffectiveUnlikable
40.5;10;NonaffectiveUnlikable
40;30;NonaffectiveUnlikable
0;0;NonaffectiveUnlikable
2.5;12.5;NonaffectiveUnlikable
26;20.5;NonaffectiveUnlikable
10;24.5;NonaffectiveUnlikable
10.5;15;NonaffectiveUnlikable
62;11.5;NonaffectiveUnlikable
77.5;12.5;NonaffectiveUnlikable
12.5;19.5;NonaffectiveUnlikable
76;7.5;NonaffectiveUnlikable
26.5;17;NonaffectiveUnlikable
39.5;19.5;NonaffectiveUnlikable
35;15;NonaffectiveUnlikable
47.5;11.5;NonaffectiveUnlikable
10;20;NonaffectiveUnlikable
20;27.5;NonaffectiveUnlikable
60;25;NonaffectiveUnlikable
10;33;NonaffectiveUnlikable
0;25;NonaffectiveUnlikable
40.5;15.5;NonaffectiveUnlikable
2.5;45;NonaffectiveUnlikable
73.5;34.5;NonaffectiveUnlikable
60;17.5;NonaffectiveUnlikable
36.5;30.5;NonaffectiveUnlikable
7.5;42.5;NonaffectiveUnlikable
25;2.5;NonaffectiveUnlikable
9.5;12;NonaffectiveUnlikable
85;0;NonaffectiveUnlikable
11;0;NonaffectiveUnlikable
28.5;5;NonaffectiveUnlikable
17.5;58;NonaffectiveUnlikable
0;0;NonaffectiveUnlikable
38;31;NonaffectiveUnlikable
37;41.5;NonaffectiveUnlikable
20;7;NonaffectiveUnlikable
56.5;3;NonaffectiveUnlikable
57.5;24;NonaffectiveUnlikable
71;17.5;NonaffectiveUnlikable
19.5;30;NonaffectiveUnlikable
85.5;8;NonaffectiveUnlikable
40.5;9.5;NonaffectiveUnlikable
54.5;37;NonaffectiveUnlikable
40;7.5;NonaffectiveUnlikable
24.5;19.5;NonaffectiveUnlikable
45;30;NonaffectiveUnlikable
74.5;0;NonaffectiveUnlikable
55;14.5;NonaffectiveUnlikable
40;49.5;NonaffectiveUnlikable
0;50;NonaffectiveUnlikable
54.5;14;NonaffectiveUnlikable
10;35;NonaffectiveUnlikable
80.5;0;NonaffectiveUnlikable
69.5;4;NonaffectiveUnlikable
55.5;20;NonaffectiveUnlikable
30;12.5;NonaffectiveUnlikable
15;10;NonaffectiveUnlikable
39;4;NonaffectiveUnlikable
100;2.5;NonaffectiveUnlikable
39;15.5;NonaffectiveUnlikable
35.5;0;NonaffectiveUnlikable
49;45;NonaffectiveUnlikable
0;0;NonaffectiveUnlikable
5;20;NonaffectiveUnlikable
32.5;29.5;NonaffectiveUnlikable
10;10.5;NonaffectiveUnlikable
21;1.5;NonaffectiveUnlikable
75.5;5.5;NonaffectiveUnlikable
62.5;24.5;NonaffectiveUnlikable
13;15;NonaffectiveUnlikable
22;7.5;NonaffectiveUnlikable
24;12.5;NonaffectiveUnlikable
68.5;27;NonaffectiveUnlikable
22.5;0;NonaffectiveUnlikable
32.5;12;NonaffectiveUnlikable
65;0.5;NonaffectiveUnlikable
14.5;67;NonaffectiveUnlikable
56.5;24.5;NonaffectiveUnlikable
23.5;0;NonaffectiveUnlikable
0;55;NonaffectiveUnlikable
45.5;7;NonaffectiveUnlikable
10;47.5;NonaffectiveUnlikable
75;0;NonaffectiveUnlikable
55;5.5;NonaffectiveUnlikable
43;20.5;NonaffectiveUnlikable
25;0;NonaffectiveUnlikable
12.5;3.5;NonaffectiveUnlikable
85.5;19;NonaffectiveUnlikable
75;0;NonaffectiveUnlikable
11.5;0;NonaffectiveUnlikable
11;1;NonaffectiveUnlikable
35;40;NonaffectiveUnlikable
60;60;NonaffectiveUnlikable
75;2.5;NonaffectiveUnlikable
59;33;NonaffectiveUnlikable
75;5;NonaffectiveUnlikable
19;3;NonaffectiveUnlikable
78.5;8;NonaffectiveUnlikable
73.5;5.5;NonaffectiveUnlikable
40;10;NonaffectiveUnlikable
94;7.5;NonaffectiveUnlikable
52.5;9;NonaffectiveUnlikable
37;4.5;NonaffectiveUnlikable
25.5;12.5;NonaffectiveUnlikable
74.5;12;NonaffectiveUnlikable
71.5;5;NonaffectiveUnlikable
71.5;7;NonaffectiveUnlikable
33.5;18.5;NonaffectiveUnlikable
69;10;NonaffectiveUnlikable
0;15;NonaffectiveUnlikable
76.5;6.5;NonaffectiveUnlikable
50;7.5;NonaffectiveUnlikable
90;0;NonaffectiveUnlikable
64.5;19;NonaffectiveUnlikable
66;36.5;NonaffectiveUnlikable
62.5;12.5;NonaffectiveUnlikable
90;5;NonaffectiveUnlikable
98.5;5.5;NonaffectiveUnlikable
100;0;NonaffectiveUnlikable
11;0;NonaffectiveUnlikable
48.5;0.5;NonaffectiveUnlikable
34.5;44.5;NonaffectiveUnlikable
9;10;NonaffectiveUnlikable
0;20;NonaffectiveUnlikable
22;24;NonaffectiveUnlikable
3;4.5;NonaffectiveUnlikable
50;17.5;NonaffectiveUnlikable
51.5;22;NonaffectiveUnlikable
60.5;28;NonaffectiveUnlikable
28;30;NonaffectiveUnlikable
14.5;12.5;NonaffectiveUnlikable
15;8.5;NonaffectiveUnlikable
27;17.5;NonaffectiveUnlikable
30.5;11;NonaffectiveUnlikable
36.5;8.5;NonaffectiveUnlikable
80.5;24.5;NonaffectiveUnlikable
76;10;NonaffectiveUnlikable
25;16;NonaffectiveUnlikable
26;4.5;NonaffectiveUnlikable
5;20;NonaffectiveUnlikable
36.5;4.5;NonaffectiveUnlikable
5;30;NonaffectiveUnlikable
74.5;0;NonaffectiveUnlikable
36.5;14.5;NonaffectiveUnlikable
47.5;25.5;NonaffectiveUnlikable
15;7.5;NonaffectiveUnlikable
17.5;0;NonaffectiveUnlikable
8;19.5;NonaffectiveUnlikable
37.5;0;NonaffectiveUnlikable
30;9.5;NonaffectiveUnlikable
35;20.5;NonaffectiveUnlikable
36;35;NonaffectiveUnlikable
0;0;NonaffectiveUnlikable
22.5;22.5;NonaffectiveUnlikable
34.5;14;NonaffectiveUnlikable
49.5;9;NonaffectiveUnlikable
23.5;1;NonaffectiveUnlikable
57;7;NonaffectiveUnlikable
66;19.5;NonaffectiveUnlikable
9.5;2;NonaffectiveUnlikable
20.5;10;NonaffectiveUnlikable
29.5;9;NonaffectiveUnlikable
31.5;5;NonaffectiveUnlikable
40;15;NonaffectiveUnlikable
47;6;NonaffectiveUnlikable
25;30.5;NonaffectiveUnlikable
80.5;9;NonaffectiveUnlikable
20.5;2.5;NonaffectiveUnlikable
32.5;19;NonaffectiveUnlikable
0;20;NonaffectiveUnlikable
61.5;0.5;NonaffectiveUnlikable
10;15;NonaffectiveUnlikable
46;10;NonaffectiveUnlikable
42.5;2.5;NonaffectiveUnlikable
53;28.5;NonaffectiveUnlikable
22.5;0;NonaffectiveUnlikable
20;1;NonaffectiveUnlikable
1;2.5;NonaffectiveUnlikable
90;0;NonaffectiveUnlikable
11.5;0;NonaffectiveUnlikable
30;4;NonaffectiveUnlikable
15.5;25;NonaffectiveUnlikable
10;10;NonaffectiveUnlikable
39.5;42.5;NonaffectiveUnlikable
21.5;21.5;NonaffectiveUnlikable
24.5;9.5;NonaffectiveUnlikable
21;22;NonaffectiveUnlikable
67.5;13;NonaffectiveUnlikable
69;19;NonaffectiveUnlikable
47;18;NonaffectiveUnlikable
57;85;NonaffectiveUnlikable
43;9.5;NonaffectiveUnlikable
50;27.5;NonaffectiveUnlikable
50;45;NonaffectiveUnlikable
56;13;NonaffectiveUnlikable
36;1;NonaffectiveUnlikable
31.5;20.5;NonaffectiveUnlikable
30;9.5;NonaffectiveUnlikable
20.5;24.5;NonaffectiveUnlikable
0;50;NonaffectiveUnlikable
64;23;NonaffectiveUnlikable
27.5;60;NonaffectiveUnlikable
95;0;NonaffectiveUnlikable
62;21;NonaffectiveUnlikable
56;29.5;NonaffectiveUnlikable
37.5;17.5;NonaffectiveUnlikable
70;2;NonaffectiveUnlikable
50.5;9;NonaffectiveUnlikable
95;0;NonaffectiveUnlikable
39;40;NonaffectiveUnlikable
18;7;NonaffectiveUnlikable
45;45;NonaffectiveUnlikable
0;0;NonaffectiveUnlikable
0;30;NonaffectiveUnlikable
27.5;20.5;NonaffectiveUnlikable
5.5;15;NonaffectiveUnlikable
14.5;9.5;NonaffectiveUnlikable
42;16.5;NonaffectiveUnlikable
57;30;NonaffectiveUnlikable
6;40.5;NonaffectiveUnlikable
16;10;NonaffectiveUnlikable
12.5;16;NonaffectiveUnlikable
19;20;NonaffectiveUnlikable
20;20;NonaffectiveUnlikable
25.5;16;NonaffectiveUnlikable
25;10;NonaffectiveUnlikable
49;29.5;NonaffectiveUnlikable
21;12.5;NonaffectiveUnlikable
39.5;29.5;NonaffectiveUnlikable
2.5;35;NonaffectiveUnlikable
49;3.5;NonaffectiveUnlikable
5;45;NonaffectiveUnlikable
50.5;0;NonaffectiveUnlikable
54;9.5;NonaffectiveUnlikable
39;22.5;NonaffectiveUnlikable
0;0;NonaffectiveUnlikable
17.5;12.5;NonaffectiveUnlikable
1;37;NonaffectiveUnlikable
5;0;NonaffectiveUnlikable
41.5;1;NonaffectiveUnlikable
16;5.5;NonaffectiveUnlikable