ID;accuracy;ROI;class;cv
sub-001;9,0827556;LTL;affect;chunk
sub-002;11,842222;LTL;affect;chunk
sub-003;19,7340594;LTL;affect;chunk
sub-004;12,0910843;LTL;affect;chunk
sub-005;13,8647529;LTL;affect;chunk
sub-006;8,0118567;LTL;affect;chunk
sub-007;16,5062472;LTL;affect;chunk
sub-008;17,4166093;LTL;affect;chunk
sub-009;15,709952;LTL;affect;chunk
sub-010;9,7497185;LTL;affect;chunk
sub-011;14,6591972;LTL;affect;chunk
sub-012;5,0420793;LTL;affect;chunk
sub-013;17,1619409;LTL;affect;chunk
sub-014;15,3556712;LTL;affect;chunk
sub-015;5,3773843;LTL;affect;chunk
sub-016;10,9536504;LTL;affect;chunk
sub-017;8,7351882;LTL;affect;chunk
sub-018;3,293824;LTL;affect;chunk
sub-019;4,8126728;LTL;affect;chunk
sub-020;7,0793128;LTL;affect;chunk
sub-021;6,6287176;LTL;affect;chunk
sub-022;5,8491893;LTL;affect;chunk
sub-023;18,1869688;LTL;affect;chunk
sub-024;7,7755505;LTL;affect;chunk
sub-025;20,5166486;LTL;affect;chunk
sub-026;13,9747044;LTL;affect;chunk
sub-027;12,5570289;LTL;affect;chunk
sub-028;11,8145612;LTL;affect;chunk
sub-029;7,4099775;LTL;affect;chunk
sub-030;5,3014353;LTL;affect;chunk
sub-001;5,2801513;IFG;affect;chunk
sub-002;9,7986242;IFG;affect;chunk
sub-003;14,8407512;IFG;affect;chunk
sub-004;8,2174328;IFG;affect;chunk
sub-005;10,7708774;IFG;affect;chunk
sub-006;11,5937992;IFG;affect;chunk
sub-007;6,9817212;IFG;affect;chunk
sub-008;12,4099944;IFG;affect;chunk
sub-009;8,8004739;IFG;affect;chunk
sub-010;11,8456031;IFG;affect;chunk
sub-011;12,5104355;IFG;affect;chunk
sub-012;4,1488329;IFG;affect;chunk
sub-013;18,0836634;IFG;affect;chunk
sub-014;10,0377862;IFG;affect;chunk
sub-015;14,1896309;IFG;affect;chunk
sub-016;11,5337075;IFG;affect;chunk
sub-017;3,481266;IFG;affect;chunk
sub-018;9,029839;IFG;affect;chunk
sub-019;11,2516396;IFG;affect;chunk
sub-020;8,0708351;IFG;affect;chunk
sub-021;6,6167794;IFG;affect;chunk
sub-022;9,0627386;IFG;affect;chunk
sub-023;15,721419;IFG;affect;chunk
sub-024;9,2915239;IFG;affect;chunk
sub-025;14,7091527;IFG;affect;chunk
sub-026;18,4412033;IFG;affect;chunk
sub-027;15,4225422;IFG;affect;chunk
sub-028;16,6453115;IFG;affect;chunk
sub-029;9,0487676;IFG;affect;chunk
sub-030;3,9111297;IFG;affect;chunk
sub-001;0,0286112;Prec;affect;chunk
sub-002;7,837651;Prec;affect;chunk
sub-003;15,9108315;Prec;affect;chunk
sub-004;7,2937595;Prec;affect;chunk
sub-005;11,4853372;Prec;affect;chunk
sub-006;10,1970012;Prec;affect;chunk
sub-007;7,108642;Prec;affect;chunk
sub-008;15,9103303;Prec;affect;chunk
sub-009;9,9799817;Prec;affect;chunk
sub-010;8,5378495;Prec;affect;chunk
sub-011;9,7921928;Prec;affect;chunk
sub-012;2,0051279;Prec;affect;chunk
sub-013;13,1385461;Prec;affect;chunk
sub-014;8,1446481;Prec;affect;chunk
sub-015;11,4228583;Prec;affect;chunk
sub-016;7,9442491;Prec;affect;chunk
sub-017;9,5126176;Prec;affect;chunk
sub-018;8,2632902;Prec;affect;chunk
sub-019;4,5460037;Prec;affect;chunk
sub-020;6,7570472;Prec;affect;chunk
sub-021;5,4253187;Prec;affect;chunk
sub-022;8,9819573;Prec;affect;chunk
sub-023;14,9734019;Prec;affect;chunk
sub-024;5,1587705;Prec;affect;chunk
sub-025;14,2117349;Prec;affect;chunk
sub-026;17,3645558;Prec;affect;chunk
sub-027;18,2205007;Prec;affect;chunk
sub-028;13,4190524;Prec;affect;chunk
sub-029;3,513845;Prec;affect;chunk
sub-030;8,8763652;Prec;affect;chunk
sub-001;6,3465188;ATL;affect;chunk
sub-002;7,7079005;ATL;affect;chunk
sub-003;4,8275684;ATL;affect;chunk
sub-004;3,6695761;ATL;affect;chunk
sub-005;9,0812551;ATL;affect;chunk
sub-006;4,9582607;ATL;affect;chunk
sub-007;8,0315167;ATL;affect;chunk
sub-008;9,5499898;ATL;affect;chunk
sub-009;6,7722919;ATL;affect;chunk
sub-010;2,4268829;ATL;affect;chunk
sub-011;3,6932673;ATL;affect;chunk
sub-012;0,805122;ATL;affect;chunk
sub-013;10,3805661;ATL;affect;chunk
sub-014;8,1041849;ATL;affect;chunk
sub-015;5,8956207;ATL;affect;chunk
sub-016;10,7408265;ATL;affect;chunk
sub-017;7,3294797;ATL;affect;chunk
sub-018;6,189863;ATL;affect;chunk
sub-019;4,8440114;ATL;affect;chunk
sub-020;3,4912832;ATL;affect;chunk
sub-021;9,9817966;ATL;affect;chunk
sub-022;6,6290164;ATL;affect;chunk
sub-023;9,5215273;ATL;affect;chunk
sub-024;5,207166;ATL;affect;chunk
sub-025;10,6635965;ATL;affect;chunk
sub-026;9,5263652;ATL;affect;chunk
sub-027;8,1045561;ATL;affect;chunk
sub-028;13,6091697;ATL;affect;chunk
sub-029;-1,6032922;ATL;affect;chunk
sub-030;6,7583628;ATL;affect;chunk
sub-001;0,9274246;aPFC;affect;chunk
sub-002;3,2475425;aPFC;affect;chunk
sub-003;9,8048209;aPFC;affect;chunk
sub-004;7,6625094;aPFC;affect;chunk
sub-005;10,1857724;aPFC;affect;chunk
sub-006;6,3640624;aPFC;affect;chunk
sub-007;12,7937441;aPFC;affect;chunk
sub-008;11,2066861;aPFC;affect;chunk
sub-009;6,0336875;aPFC;affect;chunk
sub-010;14,0150415;aPFC;affect;chunk
sub-011;8,5118869;aPFC;affect;chunk
sub-012;2,4089076;aPFC;affect;chunk
sub-013;8,6388432;aPFC;affect;chunk
sub-014;8,9609321;aPFC;affect;chunk
sub-015;12,0082003;aPFC;affect;chunk
sub-016;7,9983807;aPFC;affect;chunk
sub-017;9,1846754;aPFC;affect;chunk
sub-018;4,1428761;aPFC;affect;chunk
sub-019;1,3209016;aPFC;affect;chunk
sub-020;7,3287695;aPFC;affect;chunk
sub-021;11,4878456;aPFC;affect;chunk
sub-022;3,0990828;aPFC;affect;chunk
sub-023;11,8620682;aPFC;affect;chunk
sub-024;6,7737184;aPFC;affect;chunk
sub-025;19,2096368;aPFC;affect;chunk
sub-026;10,4972913;aPFC;affect;chunk
sub-027;12,0882958;aPFC;affect;chunk
sub-028;10,0786931;aPFC;affect;chunk
sub-029;5,2855995;aPFC;affect;chunk
sub-030;7,194785;aPFC;affect;chunk
sub-001;4,7389675;Ins;affect;chunk
sub-002;6,8960455;Ins;affect;chunk
sub-003;8,9237882;Ins;affect;chunk
sub-004;11,8979966;Ins;affect;chunk
sub-005;6,9319079;Ins;affect;chunk
sub-006;9,0322384;Ins;affect;chunk
sub-007;8,1074688;Ins;affect;chunk
sub-008;11,0934028;Ins;affect;chunk
sub-009;5,1673765;Ins;affect;chunk
sub-010;6,5397746;Ins;affect;chunk
sub-011;11,7794208;Ins;affect;chunk
sub-012;7,2594307;Ins;affect;chunk
sub-013;18,4867459;Ins;affect;chunk
sub-014;9,1396013;Ins;affect;chunk
sub-015;12,6928617;Ins;affect;chunk
sub-016;8,3049939;Ins;affect;chunk
sub-017;2,730383;Ins;affect;chunk
sub-018;4,9543076;Ins;affect;chunk
sub-019;10,1490294;Ins;affect;chunk
sub-020;6,8268255;Ins;affect;chunk
sub-021;7,6272439;Ins;affect;chunk
sub-022;7,4744027;Ins;affect;chunk
sub-023;13,1228295;Ins;affect;chunk
sub-024;7,0737343;Ins;affect;chunk
sub-025;16,0937324;Ins;affect;chunk
sub-026;10,194984;Ins;affect;chunk
sub-027;11,1978583;Ins;affect;chunk
sub-028;16,7960292;Ins;affect;chunk
sub-029;4,8330659;Ins;affect;chunk
sub-030;5,3744688;Ins;affect;chunk
sub-001;2,7412142;ACC;affect;chunk
sub-002;5,077012;ACC;affect;chunk
sub-003;16,259133;ACC;affect;chunk
sub-004;7,9054652;ACC;affect;chunk
sub-005;3,8807188;ACC;affect;chunk
sub-006;7,1932382;ACC;affect;chunk
sub-007;13,663537;ACC;affect;chunk
sub-008;11,2456866;ACC;affect;chunk
sub-009;6,6422723;ACC;affect;chunk
sub-010;6,7235191;ACC;affect;chunk
sub-011;10,6050124;ACC;affect;chunk
sub-012;6,8912021;ACC;affect;chunk
sub-013;12,7554301;ACC;affect;chunk
sub-014;11,9623337;ACC;affect;chunk
sub-015;9,4607178;ACC;affect;chunk
sub-016;5,8515512;ACC;affect;chunk
sub-017;4,3910047;ACC;affect;chunk
sub-018;4,9724997;ACC;affect;chunk
sub-019;4,3962738;ACC;affect;chunk
sub-020;7,6718279;ACC;affect;chunk
sub-021;1,9657464;ACC;affect;chunk
sub-022;7,9192197;ACC;affect;chunk
sub-023;14,5140819;ACC;affect;chunk
sub-024;9,3397705;ACC;affect;chunk
sub-025;12,226592;ACC;affect;chunk
sub-026;11,9331225;ACC;affect;chunk
sub-027;19,5188022;ACC;affect;chunk
sub-028;8,7593052;ACC;affect;chunk
sub-029;5,1149518;ACC;affect;chunk
sub-030;7,5405899;ACC;affect;chunk
sub-001;3,2277306;PCC;affect;chunk
sub-002;9,876821;PCC;affect;chunk
sub-003;9,8619988;PCC;affect;chunk
sub-004;8,9521581;PCC;affect;chunk
sub-005;3,7442923;PCC;affect;chunk
sub-006;9,449717;PCC;affect;chunk
sub-007;7,8896061;PCC;affect;chunk
sub-008;10,7512808;PCC;affect;chunk
sub-009;2,935582;PCC;affect;chunk
sub-010;7,197124;PCC;affect;chunk
sub-011;2,9857017;PCC;affect;chunk
sub-012;8,3715216;PCC;affect;chunk
sub-013;16,6553774;PCC;affect;chunk
sub-014;14,7041263;PCC;affect;chunk
sub-015;9,492788;PCC;affect;chunk
sub-016;3,0381535;PCC;affect;chunk
sub-017;4,0464815;PCC;affect;chunk
sub-018;9,8429394;PCC;affect;chunk
sub-019;6,2487391;PCC;affect;chunk
sub-020;4,81913;PCC;affect;chunk
sub-021;7,592397;PCC;affect;chunk
sub-022;9,5807791;PCC;affect;chunk
sub-023;5,6946507;PCC;affect;chunk
sub-024;10,0328378;PCC;affect;chunk
sub-025;12,4703032;PCC;affect;chunk
sub-026;13,3187177;PCC;affect;chunk
sub-027;18,4039482;PCC;affect;chunk
sub-028;10,8303045;PCC;affect;chunk
sub-029;4,3284089;PCC;affect;chunk
sub-030;9,6816317;PCC;affect;chunk
sub-001;7,4918053;V1;affect;chunk
sub-002;4,698637;V1;affect;chunk
sub-003;7,3562393;V1;affect;chunk
sub-004;8,5087632;V1;affect;chunk
sub-005;4,4431;V1;affect;chunk
sub-006;5,3511649;V1;affect;chunk
sub-007;8,3008368;V1;affect;chunk
sub-008;5,2563996;V1;affect;chunk
sub-009;5,8426184;V1;affect;chunk
sub-010;2,2732506;V1;affect;chunk
sub-011;8,7507178;V1;affect;chunk
sub-012;2,3045036;V1;affect;chunk
sub-013;10,9799186;V1;affect;chunk
sub-014;3,9590573;V1;affect;chunk
sub-015;9,4553994;V1;affect;chunk
sub-016;14,1272043;V1;affect;chunk
sub-017;6,4108282;V1;affect;chunk
sub-018;0,8868879;V1;affect;chunk
sub-019;6,7735305;V1;affect;chunk
sub-020;1,5670456;V1;affect;chunk
sub-021;5,1172433;V1;affect;chunk
sub-022;8,7325356;V1;affect;chunk
sub-023;7,5831972;V1;affect;chunk
sub-024;8,1078579;V1;affect;chunk
sub-025;9,5320904;V1;affect;chunk
sub-026;6,962361;V1;affect;chunk
sub-027;8,4952051;V1;affect;chunk
sub-028;12,6029364;V1;affect;chunk
sub-029;6,098786;V1;affect;chunk
sub-030;6,849684;V1;affect;chunk
sub-001;9,0537125;LTL;likableness;chunk
sub-002;9,1544855;LTL;likableness;chunk
sub-003;15,906268;LTL;likableness;chunk
sub-004;32,1540519;LTL;likableness;chunk
sub-005;14,738374;LTL;likableness;chunk
sub-006;15,2811574;LTL;likableness;chunk
sub-007;17,0930678;LTL;likableness;chunk
sub-008;17,0340082;LTL;likableness;chunk
sub-009;24,4710133;LTL;likableness;chunk
sub-010;15,4580195;LTL;likableness;chunk
sub-011;15,3387967;LTL;likableness;chunk
sub-012;7,0946296;LTL;likableness;chunk
sub-013;2,4083374;LTL;likableness;chunk
sub-014;-0,271508;LTL;likableness;chunk
sub-015;15,2757365;LTL;likableness;chunk
sub-016;14,7318938;LTL;likableness;chunk
sub-017;4,047695;LTL;likableness;chunk
sub-018;10,7892796;LTL;likableness;chunk
sub-019;7,9008204;LTL;likableness;chunk
sub-020;10,3466367;LTL;likableness;chunk
sub-021;10,4096911;LTL;likableness;chunk
sub-022;17,5303409;LTL;likableness;chunk
sub-023;13,9600459;LTL;likableness;chunk
sub-024;18,3924103;LTL;likableness;chunk
sub-025;22,460972;LTL;likableness;chunk
sub-026;7,1948955;LTL;likableness;chunk
sub-027;29,8556104;LTL;likableness;chunk
sub-028;16,4034193;LTL;likableness;chunk
sub-029;13,9831924;LTL;likableness;chunk
sub-030;10,2810329;LTL;likableness;chunk
sub-001;8,6415701;IFG;likableness;chunk
sub-002;5,7656953;IFG;likableness;chunk
sub-003;5,3317667;IFG;likableness;chunk
sub-004;25,680029;IFG;likableness;chunk
sub-005;6,8481581;IFG;likableness;chunk
sub-006;13,7741342;IFG;likableness;chunk
sub-007;12,3192929;IFG;likableness;chunk
sub-008;14,2855736;IFG;likableness;chunk
sub-009;11,4572322;IFG;likableness;chunk
sub-010;11,7085538;IFG;likableness;chunk
sub-011;17,5712423;IFG;likableness;chunk
sub-012;10,3707949;IFG;likableness;chunk
sub-013;4,3161792;IFG;likableness;chunk
sub-014;-2,2316031;IFG;likableness;chunk
sub-015;7,152825;IFG;likableness;chunk
sub-016;15,3196695;IFG;likableness;chunk
sub-017;8,9884884;IFG;likableness;chunk
sub-018;13,820463;IFG;likableness;chunk
sub-019;8,4039003;IFG;likableness;chunk
sub-020;4,9555029;IFG;likableness;chunk
sub-021;13,7695444;IFG;likableness;chunk
sub-022;12,178275;IFG;likableness;chunk
sub-023;9,1950929;IFG;likableness;chunk
sub-024;16,2686735;IFG;likableness;chunk
sub-025;22,7497839;IFG;likableness;chunk
sub-026;7,0827468;IFG;likableness;chunk
sub-027;22,4481921;IFG;likableness;chunk
sub-028;11,7512362;IFG;likableness;chunk
sub-029;13,8344273;IFG;likableness;chunk
sub-030;14,0931389;IFG;likableness;chunk
sub-001;10,5865658;Prec;likableness;chunk
sub-002;6,0760464;Prec;likableness;chunk
sub-003;20,2631394;Prec;likableness;chunk
sub-004;23,8901151;Prec;likableness;chunk
sub-005;4,8296857;Prec;likableness;chunk
sub-006;15,2372382;Prec;likableness;chunk
sub-007;16,7456356;Prec;likableness;chunk
sub-008;13,419808;Prec;likableness;chunk
sub-009;15,5597557;Prec;likableness;chunk
sub-010;12,5442991;Prec;likableness;chunk
sub-011;20,9167743;Prec;likableness;chunk
sub-012;16,7030739;Prec;likableness;chunk
sub-013;8,2654881;Prec;likableness;chunk
sub-014;-1,219247;Prec;likableness;chunk
sub-015;3,7756167;Prec;likableness;chunk
sub-016;9,216895;Prec;likableness;chunk
sub-017;3,0380979;Prec;likableness;chunk
sub-018;9,5507718;Prec;likableness;chunk
sub-019;8,398905;Prec;likableness;chunk
sub-020;11,6381955;Prec;likableness;chunk
sub-021;8,7389812;Prec;likableness;chunk
sub-022;17,1019232;Prec;likableness;chunk
sub-023;18,0558663;Prec;likableness;chunk
sub-024;13,4164213;Prec;likableness;chunk
sub-025;15,7644819;Prec;likableness;chunk
sub-026;9,6280551;Prec;likableness;chunk
sub-027;26,4849411;Prec;likableness;chunk
sub-028;10,2176803;Prec;likableness;chunk
sub-029;10,2938077;Prec;likableness;chunk
sub-030;13,5445711;Prec;likableness;chunk
sub-001;14,0662063;ATL;likableness;chunk
sub-002;5,5528013;ATL;likableness;chunk
sub-003;11,5951973;ATL;likableness;chunk
sub-004;14,6029987;ATL;likableness;chunk
sub-005;10,7985564;ATL;likableness;chunk
sub-006;4,6035586;ATL;likableness;chunk
sub-007;8,1029311;ATL;likableness;chunk
sub-008;7,1571357;ATL;likableness;chunk
sub-009;13,6499784;ATL;likableness;chunk
sub-010;12,3871341;ATL;likableness;chunk
sub-011;11,8579831;ATL;likableness;chunk
sub-012;12,2131191;ATL;likableness;chunk
sub-013;-4,4702245;ATL;likableness;chunk
sub-014;2,9220506;ATL;likableness;chunk
sub-015;-0,5141538;ATL;likableness;chunk
sub-016;14,2625541;ATL;likableness;chunk
sub-017;9,1094533;ATL;likableness;chunk
sub-018;11,8121141;ATL;likableness;chunk
sub-019;-0,2046785;ATL;likableness;chunk
sub-020;7,1985241;ATL;likableness;chunk
sub-021;3,5210064;ATL;likableness;chunk
sub-022;15,0877442;ATL;likableness;chunk
sub-023;2,2931833;ATL;likableness;chunk
sub-024;13,6199406;ATL;likableness;chunk
sub-025;18,2716967;ATL;likableness;chunk
sub-026;1,2879595;ATL;likableness;chunk
sub-027;9,9739853;ATL;likableness;chunk
sub-028;10,6113162;ATL;likableness;chunk
sub-029;2,1301733;ATL;likableness;chunk
sub-030;12,5376137;ATL;likableness;chunk
sub-001;7,5532401;aPFC;likableness;chunk
sub-002;8,9516467;aPFC;likableness;chunk
sub-003;16,5319037;aPFC;likableness;chunk
sub-004;21,4596711;aPFC;likableness;chunk
sub-005;8,7613075;aPFC;likableness;chunk
sub-006;12,9900017;aPFC;likableness;chunk
sub-007;13,1705839;aPFC;likableness;chunk
sub-008;15,1066249;aPFC;likableness;chunk
sub-009;11,2678492;aPFC;likableness;chunk
sub-010;16,5780534;aPFC;likableness;chunk
sub-011;17,6783047;aPFC;likableness;chunk
sub-012;9,5134962;aPFC;likableness;chunk
sub-013;-3,6934532;aPFC;likableness;chunk
sub-014;-0,6147063;aPFC;likableness;chunk
sub-015;6,910093;aPFC;likableness;chunk
sub-016;9,1010343;aPFC;likableness;chunk
sub-017;10,1580545;aPFC;likableness;chunk
sub-018;7,4779562;aPFC;likableness;chunk
sub-019;1,3887968;aPFC;likableness;chunk
sub-020;4,85965;aPFC;likableness;chunk
sub-021;9,6962833;aPFC;likableness;chunk
sub-022;16,6401814;aPFC;likableness;chunk
sub-023;14,9308464;aPFC;likableness;chunk
sub-024;16,3800521;aPFC;likableness;chunk
sub-025;27,2194998;aPFC;likableness;chunk
sub-026;9,1972362;aPFC;likableness;chunk
sub-027;26,8728103;aPFC;likableness;chunk
sub-028;6,3306234;aPFC;likableness;chunk
sub-029;12,8720605;aPFC;likableness;chunk
sub-030;4,9134348;aPFC;likableness;chunk
sub-001;5,5624669;Ins;likableness;chunk
sub-002;4,8384389;Ins;likableness;chunk
sub-003;7,7924152;Ins;likableness;chunk
sub-004;20,1735576;Ins;likableness;chunk
sub-005;5,7380597;Ins;likableness;chunk
sub-006;8,249681;Ins;likableness;chunk
sub-007;7,828912;Ins;likableness;chunk
sub-008;8,4010349;Ins;likableness;chunk
sub-009;9,8892889;Ins;likableness;chunk
sub-010;6,167585;Ins;likableness;chunk
sub-011;11,8315467;Ins;likableness;chunk
sub-012;10,4400891;Ins;likableness;chunk
sub-013;0,446663;Ins;likableness;chunk
sub-014;0,5715735;Ins;likableness;chunk
sub-015;4,8160142;Ins;likableness;chunk
sub-016;12,0913064;Ins;likableness;chunk
sub-017;7,0960491;Ins;likableness;chunk
sub-018;5,8908451;Ins;likableness;chunk
sub-019;10,9200361;Ins;likableness;chunk
sub-020;3,1739622;Ins;likableness;chunk
sub-021;6,7810856;Ins;likableness;chunk
sub-022;11,8490518;Ins;likableness;chunk
sub-023;11,0648441;Ins;likableness;chunk
sub-024;17,8620656;Ins;likableness;chunk
sub-025;14,0627289;Ins;likableness;chunk
sub-026;10,286983;Ins;likableness;chunk
sub-027;12,6043364;Ins;likableness;chunk
sub-028;11,9083041;Ins;likableness;chunk
sub-029;14,5260279;Ins;likableness;chunk
sub-030;13,7358294;Ins;likableness;chunk
sub-001;11,2749641;ACC;likableness;chunk
sub-002;6,9964176;ACC;likableness;chunk
sub-003;16,4051376;ACC;likableness;chunk
sub-004;25,8919621;ACC;likableness;chunk
sub-005;15,2600595;ACC;likableness;chunk
sub-006;11,9651985;ACC;likableness;chunk
sub-007;15,2119253;ACC;likableness;chunk
sub-008;6,8293054;ACC;likableness;chunk
sub-009;13,2959477;ACC;likableness;chunk
sub-010;18,3234414;ACC;likableness;chunk
sub-011;21,2021289;ACC;likableness;chunk
sub-012;11,0660615;ACC;likableness;chunk
sub-013;6,8243718;ACC;likableness;chunk
sub-014;4,0324875;ACC;likableness;chunk
sub-015;6,6161192;ACC;likableness;chunk
sub-016;9,0815289;ACC;likableness;chunk
sub-017;4,6602505;ACC;likableness;chunk
sub-018;18,971968;ACC;likableness;chunk
sub-019;11,2405898;ACC;likableness;chunk
sub-020;4,8838773;ACC;likableness;chunk
sub-021;3,2816641;ACC;likableness;chunk
sub-022;20,1137942;ACC;likableness;chunk
sub-023;17,4722001;ACC;likableness;chunk
sub-024;15,594558;ACC;likableness;chunk
sub-025;25,8044127;ACC;likableness;chunk
sub-026;11,755538;ACC;likableness;chunk
sub-027;24,7533779;ACC;likableness;chunk
sub-028;5,0176001;ACC;likableness;chunk
sub-029;15,1891923;ACC;likableness;chunk
sub-030;8,359423;ACC;likableness;chunk
sub-001;10,1033501;PCC;likableness;chunk
sub-002;3,5602606;PCC;likableness;chunk
sub-003;0,6073508;PCC;likableness;chunk
sub-004;20,1814388;PCC;likableness;chunk
sub-005;6,9772438;PCC;likableness;chunk
sub-006;7,39581;PCC;likableness;chunk
sub-007;12,5538305;PCC;likableness;chunk
sub-008;6,2636763;PCC;likableness;chunk
sub-009;8,6369321;PCC;likableness;chunk
sub-010;12,6977429;PCC;likableness;chunk
sub-011;18,1324824;PCC;likableness;chunk
sub-012;6,6311979;PCC;likableness;chunk
sub-013;2,1600672;PCC;likableness;chunk
sub-014;7,0863849;PCC;likableness;chunk
sub-015;7,1667922;PCC;likableness;chunk
sub-016;7,50922;PCC;likableness;chunk
sub-017;5,8556535;PCC;likableness;chunk
sub-018;2,6384908;PCC;likableness;chunk
sub-019;7,2833417;PCC;likableness;chunk
sub-020;10,5107472;PCC;likableness;chunk
sub-021;6,6663141;PCC;likableness;chunk
sub-022;14,4374926;PCC;likableness;chunk
sub-023;8,0799856;PCC;likableness;chunk
sub-024;17,9259146;PCC;likableness;chunk
sub-025;9,2772427;PCC;likableness;chunk
sub-026;1,8524525;PCC;likableness;chunk
sub-027;18,1907849;PCC;likableness;chunk
sub-028;6,7404157;PCC;likableness;chunk
sub-029;7,0947729;PCC;likableness;chunk
sub-030;13,2481358;PCC;likableness;chunk
sub-001;3,704667;V1;likableness;chunk
sub-002;5,30919;V1;likableness;chunk
sub-003;5,3893686;V1;likableness;chunk
sub-004;12,1651986;V1;likableness;chunk
sub-005;6,8400775;V1;likableness;chunk
sub-006;5,7997562;V1;likableness;chunk
sub-007;4,9380685;V1;likableness;chunk
sub-008;2,5281522;V1;likableness;chunk
sub-009;2,8504185;V1;likableness;chunk
sub-010;0,840173;V1;likableness;chunk
sub-011;10,1165401;V1;likableness;chunk
sub-012;2,9932805;V1;likableness;chunk
sub-013;1,4866889;V1;likableness;chunk
sub-014;-2,5903896;V1;likableness;chunk
sub-015;-7,0628019;V1;likableness;chunk
sub-016;6,3863916;V1;likableness;chunk
sub-017;1,6851247;V1;likableness;chunk
sub-018;0,0517864;V1;likableness;chunk
sub-019;2,8967026;V1;likableness;chunk
sub-020;7,408069;V1;likableness;chunk
sub-021;3,5687208;V1;likableness;chunk
sub-022;7,3159419;V1;likableness;chunk
sub-023;11,4188476;V1;likableness;chunk
sub-024;11,0606501;V1;likableness;chunk
sub-025;1,4803167;V1;likableness;chunk
sub-026;4,1688541;V1;likableness;chunk
sub-027;10,3968089;V1;likableness;chunk
sub-028;3,6523168;V1;likableness;chunk
sub-029;3,0172089;V1;likableness;chunk
sub-030;11,6610996;V1;likableness;chunk
sub-001;9,85715;LTL;affect;concept
sub-002;12,6266202;LTL;affect;concept
sub-003;2,5408151;LTL;affect;concept
sub-004;11,264731;LTL;affect;concept
sub-005;0,8352555;LTL;affect;concept
sub-006;-3,1558499;LTL;affect;concept
sub-007;6,5539094;LTL;affect;concept
sub-008;3,6237333;LTL;affect;concept
sub-009;1,7857614;LTL;affect;concept
sub-010;0,8716491;LTL;affect;concept
sub-011;1,3030505;LTL;affect;concept
sub-012;2,2078243;LTL;affect;concept
sub-013;13,7469139;LTL;affect;concept
sub-014;20,0959986;LTL;affect;concept
sub-015;1,3558124;LTL;affect;concept
sub-016;13,6284404;LTL;affect;concept
sub-017;4,4916958;LTL;affect;concept
sub-018;7,8114942;LTL;affect;concept
sub-019;7,8274399;LTL;affect;concept
sub-020;9,7564185;LTL;affect;concept
sub-021;-4,1952582;LTL;affect;concept
sub-022;7,7877774;LTL;affect;concept
sub-023;12,2713507;LTL;affect;concept
sub-024;2,9587903;LTL;affect;concept
sub-025;9,1445571;LTL;affect;concept
sub-026;9,3050413;LTL;affect;concept
sub-027;10,7707883;LTL;affect;concept
sub-028;2,0159235;LTL;affect;concept
sub-029;3,8703509;LTL;affect;concept
sub-030;0,148094;LTL;affect;concept
sub-001;4,4152877;IFG;affect;concept
sub-002;11,8318442;IFG;affect;concept
sub-003;0,7527649;IFG;affect;concept
sub-004;8,5357482;IFG;affect;concept
sub-005;-0,4355019;IFG;affect;concept
sub-006;9,7437909;IFG;affect;concept
sub-007;4,6879306;IFG;affect;concept
sub-008;1,8603586;IFG;affect;concept
sub-009;5,3299462;IFG;affect;concept
sub-010;-1,6631043;IFG;affect;concept
sub-011;2,4709835;IFG;affect;concept
sub-012;1,756213;IFG;affect;concept
sub-013;19,048756;IFG;affect;concept
sub-014;9,6101097;IFG;affect;concept
sub-015;8,9918147;IFG;affect;concept
sub-016;14,3274151;IFG;affect;concept
sub-017;7,3851783;IFG;affect;concept
sub-018;4,0765579;IFG;affect;concept
sub-019;6,6580166;IFG;affect;concept
sub-020;8,3695169;IFG;affect;concept
sub-021;-4,0655205;IFG;affect;concept
sub-022;9,3335287;IFG;affect;concept
sub-023;13,7073604;IFG;affect;concept
sub-024;3,7640637;IFG;affect;concept
sub-025;12,8998813;IFG;affect;concept
sub-026;10,4275936;IFG;affect;concept
sub-027;2,3055093;IFG;affect;concept
sub-028;2,8190433;IFG;affect;concept
sub-029;8,2232613;IFG;affect;concept
sub-030;5,4646793;IFG;affect;concept
sub-001;12,8537637;Prec;affect;concept
sub-002;3,8091086;Prec;affect;concept
sub-003;2,9930354;Prec;affect;concept
sub-004;8,3655257;Prec;affect;concept
sub-005;1,2292136;Prec;affect;concept
sub-006;4,2418918;Prec;affect;concept
sub-007;10,5471888;Prec;affect;concept
sub-008;2,4018526;Prec;affect;concept
sub-009;2,0397094;Prec;affect;concept
sub-010;4,1302361;Prec;affect;concept
sub-011;0,4692267;Prec;affect;concept
sub-012;6,3934412;Prec;affect;concept
sub-013;11,9815991;Prec;affect;concept
sub-014;9,1718842;Prec;affect;concept
sub-015;3,9919992;Prec;affect;concept
sub-016;14,4906009;Prec;affect;concept
sub-017;4,0682079;Prec;affect;concept
sub-018;6,1879463;Prec;affect;concept
sub-019;5,2198192;Prec;affect;concept
sub-020;3,5055991;Prec;affect;concept
sub-021;-0,3884307;Prec;affect;concept
sub-022;7,7147637;Prec;affect;concept
sub-023;9,6141229;Prec;affect;concept
sub-024;4,2729652;Prec;affect;concept
sub-025;7,3382149;Prec;affect;concept
sub-026;7,7898844;Prec;affect;concept
sub-027;9,0256148;Prec;affect;concept
sub-028;0,2157547;Prec;affect;concept
sub-029;2,6708707;Prec;affect;concept
sub-030;4,7599849;Prec;affect;concept
sub-001;3,2531562;ATL;affect;concept
sub-002;9,8477816;ATL;affect;concept
sub-003;-0,1600412;ATL;affect;concept
sub-004;6,800276;ATL;affect;concept
sub-005;-0,479657;ATL;affect;concept
sub-006;4,1719821;ATL;affect;concept
sub-007;4,5288995;ATL;affect;concept
sub-008;-3,1461218;ATL;affect;concept
sub-009;-4,4408659;ATL;affect;concept
sub-010;0,3403786;ATL;affect;concept
sub-011;0,7464711;ATL;affect;concept
sub-012;6,960631;ATL;affect;concept
sub-013;13,6346687;ATL;affect;concept
sub-014;9,15294;ATL;affect;concept
sub-015;0,5230137;ATL;affect;concept
sub-016;4,3300489;ATL;affect;concept
sub-017;4,8617163;ATL;affect;concept
sub-018;3,6514204;ATL;affect;concept
sub-019;11,2215899;ATL;affect;concept
sub-020;5,1577992;ATL;affect;concept
sub-021;-3,0031369;ATL;affect;concept
sub-022;2,2602625;ATL;affect;concept
sub-023;4,7268097;ATL;affect;concept
sub-024;2,8629566;ATL;affect;concept
sub-025;3,590866;ATL;affect;concept
sub-026;4,4328753;ATL;affect;concept
sub-027;0,4255023;ATL;affect;concept
sub-028;-3,1329995;ATL;affect;concept
sub-029;6,4063707;ATL;affect;concept
sub-030;1,7937672;ATL;affect;concept
sub-001;7,813448;aPFC;affect;concept
sub-002;7,5361403;aPFC;affect;concept
sub-003;1,4832105;aPFC;affect;concept
sub-004;11,9309251;aPFC;affect;concept
sub-005;-3,2209088;aPFC;affect;concept
sub-006;3,2322153;aPFC;affect;concept
sub-007;4,0855007;aPFC;affect;concept
sub-008;-4,4132199;aPFC;affect;concept
sub-009;2,0637985;aPFC;affect;concept
sub-010;-0,1863575;aPFC;affect;concept
sub-011;-0,2585182;aPFC;affect;concept
sub-012;5,1320758;aPFC;affect;concept
sub-013;5,9851569;aPFC;affect;concept
sub-014;13,311678;aPFC;affect;concept
sub-015;4,6681593;aPFC;affect;concept
sub-016;9,9027713;aPFC;affect;concept
sub-017;8,0805549;aPFC;affect;concept
sub-018;3,5485805;aPFC;affect;concept
sub-019;10,8990555;aPFC;affect;concept
sub-020;3,0775355;aPFC;affect;concept
sub-021;-7,2833877;aPFC;affect;concept
sub-022;11,6720043;aPFC;affect;concept
sub-023;7,1514758;aPFC;affect;concept
sub-024;0,2549985;aPFC;affect;concept
sub-025;2,8019766;aPFC;affect;concept
sub-026;6,5766122;aPFC;affect;concept
sub-027;5,3352748;aPFC;affect;concept
sub-028;5,5703698;aPFC;affect;concept
sub-029;1,3395503;aPFC;affect;concept
sub-030;-0,2838447;aPFC;affect;concept
sub-001;4,3783251;Ins;affect;concept
sub-002;5,5157363;Ins;affect;concept
sub-003;2,4168664;Ins;affect;concept
sub-004;6,8974602;Ins;affect;concept
sub-005;2,2906253;Ins;affect;concept
sub-006;4,2084278;Ins;affect;concept
sub-007;8,3811227;Ins;affect;concept
sub-008;1,4011179;Ins;affect;concept
sub-009;2,2033014;Ins;affect;concept
sub-010;-1,356262;Ins;affect;concept
sub-011;0,9803781;Ins;affect;concept
sub-012;2,0249831;Ins;affect;concept
sub-013;12,0436365;Ins;affect;concept
sub-014;9,950428;Ins;affect;concept
sub-015;1,5135529;Ins;affect;concept
sub-016;11,1660043;Ins;affect;concept
sub-017;3,0076985;Ins;affect;concept
sub-018;4,5199636;Ins;affect;concept
sub-019;7,4114736;Ins;affect;concept
sub-020;5,0662792;Ins;affect;concept
sub-021;2,6533642;Ins;affect;concept
sub-022;13,595192;Ins;affect;concept
sub-023;14,6170017;Ins;affect;concept
sub-024;4,6748482;Ins;affect;concept
sub-025;2,928501;Ins;affect;concept
sub-026;5,6329607;Ins;affect;concept
sub-027;1,7902661;Ins;affect;concept
sub-028;1,3224982;Ins;affect;concept
sub-029;6,5560244;Ins;affect;concept
sub-030;7,8741601;Ins;affect;concept
sub-001;4,3623314;ACC;affect;concept
sub-002;6,4820903;ACC;affect;concept
sub-003;-0,1706747;ACC;affect;concept
sub-004;7,1865734;ACC;affect;concept
sub-005;5,0399468;ACC;affect;concept
sub-006;1,2594762;ACC;affect;concept
sub-007;7,6676495;ACC;affect;concept
sub-008;3,7281346;ACC;affect;concept
sub-009;4,578802;ACC;affect;concept
sub-010;0,2049371;ACC;affect;concept
sub-011;0,5604507;ACC;affect;concept
sub-012;5,6897205;ACC;affect;concept
sub-013;9,3225662;ACC;affect;concept
sub-014;8,6747651;ACC;affect;concept
sub-015;4,8461664;ACC;affect;concept
sub-016;18,0954125;ACC;affect;concept
sub-017;2,547217;ACC;affect;concept
sub-018;4,6776141;ACC;affect;concept
sub-019;3,3622415;ACC;affect;concept
sub-020;8,2275669;ACC;affect;concept
sub-021;1,9085276;ACC;affect;concept
sub-022;7,9191899;ACC;affect;concept
sub-023;13,7066421;ACC;affect;concept
sub-024;6,1195029;ACC;affect;concept
sub-025;5,6241108;ACC;affect;concept
sub-026;7,9443014;ACC;affect;concept
sub-027;7,8374285;ACC;affect;concept
sub-028;4,5158995;ACC;affect;concept
sub-029;0,6619648;ACC;affect;concept
sub-030;0,9054553;ACC;affect;concept
sub-001;3,5143068;PCC;affect;concept
sub-002;7,1702402;PCC;affect;concept
sub-003;4,1967442;PCC;affect;concept
sub-004;9,6001904;PCC;affect;concept
sub-005;5,1815174;PCC;affect;concept
sub-006;7,6182123;PCC;affect;concept
sub-007;11,9947937;PCC;affect;concept
sub-008;4,4739025;PCC;affect;concept
sub-009;5,5768023;PCC;affect;concept
sub-010;0,9561743;PCC;affect;concept
sub-011;8,6558694;PCC;affect;concept
sub-012;5,3054795;PCC;affect;concept
sub-013;10,2541415;PCC;affect;concept
sub-014;9,1658876;PCC;affect;concept
sub-015;5,4246582;PCC;affect;concept
sub-016;13,1759414;PCC;affect;concept
sub-017;6,5011673;PCC;affect;concept
sub-018;2,4282831;PCC;affect;concept
sub-019;6,9781891;PCC;affect;concept
sub-020;3,768689;PCC;affect;concept
sub-021;0,0951684;PCC;affect;concept
sub-022;7,4095333;PCC;affect;concept
sub-023;8,1904094;PCC;affect;concept
sub-024;4,4328499;PCC;affect;concept
sub-025;2,3125631;PCC;affect;concept
sub-026;3,8868265;PCC;affect;concept
sub-027;3,9128553;PCC;affect;concept
sub-028;2,7076421;PCC;affect;concept
sub-029;1,7697872;PCC;affect;concept
sub-030;8,202365;PCC;affect;concept
sub-001;2,546287;V1;affect;concept
sub-002;4,0042852;V1;affect;concept
sub-003;11,0182547;V1;affect;concept
sub-004;5,4649396;V1;affect;concept
sub-005;-3,1791853;V1;affect;concept
sub-006;4,2167477;V1;affect;concept
sub-007;8,7333275;V1;affect;concept
sub-008;0,1498134;V1;affect;concept
sub-009;0,4996542;V1;affect;concept
sub-010;3,2478274;V1;affect;concept
sub-011;4,6315553;V1;affect;concept
sub-012;5,3056569;V1;affect;concept
sub-013;9,2053594;V1;affect;concept
sub-014;7,9265827;V1;affect;concept
sub-015;0,5690222;V1;affect;concept
sub-016;2,6028679;V1;affect;concept
sub-017;3,2794743;V1;affect;concept
sub-018;7,7534284;V1;affect;concept
sub-019;5,301836;V1;affect;concept
sub-020;-2,197647;V1;affect;concept
sub-021;1,1104096;V1;affect;concept
sub-022;9,7147428;V1;affect;concept
sub-023;9,1716955;V1;affect;concept
sub-024;4,0007727;V1;affect;concept
sub-025;-1,0375666;V1;affect;concept
sub-026;8,7918778;V1;affect;concept
sub-027;4,1399107;V1;affect;concept
sub-028;1,0891063;V1;affect;concept
sub-029;4,9020762;V1;affect;concept
sub-030;5,1594247;V1;affect;concept
sub-001;10,1497074;LTL;likableness;concept
sub-002;1,9296149;LTL;likableness;concept
sub-003;17,2706704;LTL;likableness;concept
sub-004;2,1864492;LTL;likableness;concept
sub-005;11,5375258;LTL;likableness;concept
sub-006;10,3807542;LTL;likableness;concept
sub-007;5,3269192;LTL;likableness;concept
sub-008;18,2957892;LTL;likableness;concept
sub-009;11,4372953;LTL;likableness;concept
sub-010;10,9760129;LTL;likableness;concept
sub-011;9,4784077;LTL;likableness;concept
sub-012;-1,6878622;LTL;likableness;concept
sub-013;-4,4011314;LTL;likableness;concept
sub-014;7,2321046;LTL;likableness;concept
sub-015;3,9150156;LTL;likableness;concept
sub-016;1,3893912;LTL;likableness;concept
sub-017;-8,1225265;LTL;likableness;concept
sub-018;-2,596408;LTL;likableness;concept
sub-019;4,6314317;LTL;likableness;concept
sub-020;4,1529335;LTL;likableness;concept
sub-021;16,7509185;LTL;likableness;concept
sub-022;7,5020877;LTL;likableness;concept
sub-023;-0,1304143;LTL;likableness;concept
sub-024;4,132646;LTL;likableness;concept
sub-025;11,4130722;LTL;likableness;concept
sub-026;2,8066879;LTL;likableness;concept
sub-027;5,3171388;LTL;likableness;concept
sub-028;3,0699806;LTL;likableness;concept
sub-029;16,211879;LTL;likableness;concept
sub-030;5,4859751;LTL;likableness;concept
sub-001;1,4450644;IFG;likableness;concept
sub-002;0,7291777;IFG;likableness;concept
sub-003;17,9854889;IFG;likableness;concept
sub-004;-2,6068878;IFG;likableness;concept
sub-005;0,6327163;IFG;likableness;concept
sub-006;8,6684325;IFG;likableness;concept
sub-007;3,0277178;IFG;likableness;concept
sub-008;4,4069552;IFG;likableness;concept
sub-009;3,8869538;IFG;likableness;concept
sub-010;7,9584372;IFG;likableness;concept
sub-011;4,2125939;IFG;likableness;concept
sub-012;-1,2205585;IFG;likableness;concept
sub-013;-3,3973905;IFG;likableness;concept
sub-014;5,8746972;IFG;likableness;concept
sub-015;-0,2980128;IFG;likableness;concept
sub-016;1,8511996;IFG;likableness;concept
sub-017;-1,5962162;IFG;likableness;concept
sub-018;-4,845672;IFG;likableness;concept
sub-019;2,9529656;IFG;likableness;concept
sub-020;1,3011331;IFG;likableness;concept
sub-021;14,3205362;IFG;likableness;concept
sub-022;7,2582502;IFG;likableness;concept
sub-023;5,9497952;IFG;likableness;concept
sub-024;4,9335818;IFG;likableness;concept
sub-025;7,5263664;IFG;likableness;concept
sub-026;1,0742566;IFG;likableness;concept
sub-027;9,1464352;IFG;likableness;concept
sub-028;3,4521648;IFG;likableness;concept
sub-029;12,0107106;IFG;likableness;concept
sub-030;2,8270224;IFG;likableness;concept
sub-001;14,0117814;Prec;likableness;concept
sub-002;2,3726953;Prec;likableness;concept
sub-003;10,4471794;Prec;likableness;concept
sub-004;-6,2957411;Prec;likableness;concept
sub-005;4,0076596;Prec;likableness;concept
sub-006;5,4355406;Prec;likableness;concept
sub-007;5,2470602;Prec;likableness;concept
sub-008;9,8580739;Prec;likableness;concept
sub-009;7,9218274;Prec;likableness;concept
sub-010;15,3589824;Prec;likableness;concept
sub-011;12,1857641;Prec;likableness;concept
sub-012;5,4805685;Prec;likableness;concept
sub-013;-4,310294;Prec;likableness;concept
sub-014;6,1301925;Prec;likableness;concept
sub-015;6,6291671;Prec;likableness;concept
sub-016;0,4672239;Prec;likableness;concept
sub-017;-2,5752382;Prec;likableness;concept
sub-018;-0,0894614;Prec;likableness;concept
sub-019;-0,2671093;Prec;likableness;concept
sub-020;4,9726587;Prec;likableness;concept
sub-021;14,7774742;Prec;likableness;concept
sub-022;0,8887389;Prec;likableness;concept
sub-023;0,2552071;Prec;likableness;concept
sub-024;9,0277343;Prec;likableness;concept
sub-025;14,7916257;Prec;likableness;concept
sub-026;4,7391787;Prec;likableness;concept
sub-027;4,0933727;Prec;likableness;concept
sub-028;1,4242568;Prec;likableness;concept
sub-029;14,6317334;Prec;likableness;concept
sub-030;-0,9308731;Prec;likableness;concept
sub-001;12,8860591;ATL;likableness;concept
sub-002;5,5948492;ATL;likableness;concept
sub-003;8,9317367;ATL;likableness;concept
sub-004;-4,9974236;ATL;likableness;concept
sub-005;6,6335359;ATL;likableness;concept
sub-006;1,9826731;ATL;likableness;concept
sub-007;1,0784668;ATL;likableness;concept
sub-008;0,9586529;ATL;likableness;concept
sub-009;-2,5574937;ATL;likableness;concept
sub-010;-0,6490885;ATL;likableness;concept
sub-011;11,6620595;ATL;likableness;concept
sub-012;-4,1650749;ATL;likableness;concept
sub-013;-6,9638777;ATL;likableness;concept
sub-014;1,1721631;ATL;likableness;concept
sub-015;3,7808889;ATL;likableness;concept
sub-016;0,8945606;ATL;likableness;concept
sub-017;-5,6698421;ATL;likableness;concept
sub-018;-9,0432058;ATL;likableness;concept
sub-019;1,3880571;ATL;likableness;concept
sub-020;7,9969084;ATL;likableness;concept
sub-021;16,1456506;ATL;likableness;concept
sub-022;8,5921029;ATL;likableness;concept
sub-023;0,0048104;ATL;likableness;concept
sub-024;1,9620985;ATL;likableness;concept
sub-025;8,8763522;ATL;likableness;concept
sub-026;-0,9085117;ATL;likableness;concept
sub-027;-1,7135366;ATL;likableness;concept
sub-028;8,1470115;ATL;likableness;concept
sub-029;4,6034414;ATL;likableness;concept
sub-030;-1,4975217;ATL;likableness;concept
sub-001;15,1376396;aPFC;likableness;concept
sub-002;-1,7553729;aPFC;likableness;concept
sub-003;9,8754936;aPFC;likableness;concept
sub-004;-0,6646752;aPFC;likableness;concept
sub-005;3,7646669;aPFC;likableness;concept
sub-006;10,1090347;aPFC;likableness;concept
sub-007;5,3256602;aPFC;likableness;concept
sub-008;4,8438748;aPFC;likableness;concept
sub-009;4,9040447;aPFC;likableness;concept
sub-010;8,4571499;aPFC;likableness;concept
sub-011;11,8630706;aPFC;likableness;concept
sub-012;-1,40593;aPFC;likableness;concept
sub-013;-5,868163;aPFC;likableness;concept
sub-014;4,7770737;aPFC;likableness;concept
sub-015;5,6731544;aPFC;likableness;concept
sub-016;5,9458612;aPFC;likableness;concept
sub-017;-4,2474687;aPFC;likableness;concept
sub-018;-9,3681019;aPFC;likableness;concept
sub-019;2,1048836;aPFC;likableness;concept
sub-020;0,1006316;aPFC;likableness;concept
sub-021;17,590591;aPFC;likableness;concept
sub-022;12,4810406;aPFC;likableness;concept
sub-023;4,7469843;aPFC;likableness;concept
sub-024;5,7443774;aPFC;likableness;concept
sub-025;7,5446704;aPFC;likableness;concept
sub-026;-2,3172697;aPFC;likableness;concept
sub-027;7,1506352;aPFC;likableness;concept
sub-028;-0,3552057;aPFC;likableness;concept
sub-029;15,5613755;aPFC;likableness;concept
sub-030;-3,5083588;aPFC;likableness;concept
sub-001;3,5588694;Ins;likableness;concept
sub-002;-1,7990743;Ins;likableness;concept
sub-003;7,8415805;Ins;likableness;concept
sub-004;-3,7436681;Ins;likableness;concept
sub-005;3,067245;Ins;likableness;concept
sub-006;-1,8404515;Ins;likableness;concept
sub-007;-1,2984758;Ins;likableness;concept
sub-008;-2,6061684;Ins;likableness;concept
sub-009;-0,6803734;Ins;likableness;concept
sub-010;3,8171674;Ins;likableness;concept
sub-011;5,3869413;Ins;likableness;concept
sub-012;-1,2502833;Ins;likableness;concept
sub-013;-4,4624548;Ins;likableness;concept
sub-014;2,9800817;Ins;likableness;concept
sub-015;4,148771;Ins;likableness;concept
sub-016;-2,0479504;Ins;likableness;concept
sub-017;-1,5092787;Ins;likableness;concept
sub-018;-5,7805086;Ins;likableness;concept
sub-019;0,7599321;Ins;likableness;concept
sub-020;-0,3828963;Ins;likableness;concept
sub-021;8,0351175;Ins;likableness;concept
sub-022;9,2048947;Ins;likableness;concept
sub-023;-1,3775236;Ins;likableness;concept
sub-024;2,5015325;Ins;likableness;concept
sub-025;5,7413566;Ins;likableness;concept
sub-026;4,4421901;Ins;likableness;concept
sub-027;5,2539043;Ins;likableness;concept
sub-028;1,9937192;Ins;likableness;concept
sub-029;4,3301967;Ins;likableness;concept
sub-030;3,7196139;Ins;likableness;concept
sub-001;16,8562034;ACC;likableness;concept
sub-002;4,3544895;ACC;likableness;concept
sub-003;14,7489185;ACC;likableness;concept
sub-004;-1,5595962;ACC;likableness;concept
sub-005;10,0760286;ACC;likableness;concept
sub-006;1,5144105;ACC;likableness;concept
sub-007;12,255549;ACC;likableness;concept
sub-008;7,2849275;ACC;likableness;concept
sub-009;9,3424214;ACC;likableness;concept
sub-010;12,1521959;ACC;likableness;concept
sub-011;12,9658165;ACC;likableness;concept
sub-012;0,7886011;ACC;likableness;concept
sub-013;-1,0245519;ACC;likableness;concept
sub-014;5,0424716;ACC;likableness;concept
sub-015;3,4302576;ACC;likableness;concept
sub-016;11,6254887;ACC;likableness;concept
sub-017;-7,254354;ACC;likableness;concept
sub-018;-0,0110995;ACC;likableness;concept
sub-019;-3,7900973;ACC;likableness;concept
sub-020;-2,0338714;ACC;likableness;concept
sub-021;20,7817827;ACC;likableness;concept
sub-022;7,0481872;ACC;likableness;concept
sub-023;3,5441085;ACC;likableness;concept
sub-024;13,4044693;ACC;likableness;concept
sub-025;13,8053393;ACC;likableness;concept
sub-026;3,6351705;ACC;likableness;concept
sub-027;5,5708942;ACC;likableness;concept
sub-028;0,8666951;ACC;likableness;concept
sub-029;20,1053159;ACC;likableness;concept
sub-030;2,1331451;ACC;likableness;concept
sub-001;1,2773313;PCC;likableness;concept
sub-002;2,0843038;PCC;likableness;concept
sub-003;7,1371933;PCC;likableness;concept
sub-004;-1,1152754;PCC;likableness;concept
sub-005;-0,2340208;PCC;likableness;concept
sub-006;-0,6487412;PCC;likableness;concept
sub-007;4,6049472;PCC;likableness;concept
sub-008;4,0122601;PCC;likableness;concept
sub-009;3,3137044;PCC;likableness;concept
sub-010;7,0615842;PCC;likableness;concept
sub-011;5,6474946;PCC;likableness;concept
sub-012;4,392289;PCC;likableness;concept
sub-013;-5,6386798;PCC;likableness;concept
sub-014;2,3489363;PCC;likableness;concept
sub-015;7,4376165;PCC;likableness;concept
sub-016;-5,9129976;PCC;likableness;concept
sub-017;-4,3576274;PCC;likableness;concept
sub-018;-2,6628014;PCC;likableness;concept
sub-019;-2,61962;PCC;likableness;concept
sub-020;6,1723472;PCC;likableness;concept
sub-021;4,8117997;PCC;likableness;concept
sub-022;3,5589714;PCC;likableness;concept
sub-023;1,4015585;PCC;likableness;concept
sub-024;3,9667258;PCC;likableness;concept
sub-025;9,9704264;PCC;likableness;concept
sub-026;-0,677287;PCC;likableness;concept
sub-027;1,7253011;PCC;likableness;concept
sub-028;2,7946898;PCC;likableness;concept
sub-029;9,4887475;PCC;likableness;concept
sub-030;0,1955027;PCC;likableness;concept
sub-001;1,5788288;V1;likableness;concept
sub-002;-4,0381713;V1;likableness;concept
sub-003;0,167229;V1;likableness;concept
sub-004;-4,9995812;V1;likableness;concept
sub-005;1,4264369;V1;likableness;concept
sub-006;1,7139555;V1;likableness;concept
sub-007;-5,9286813;V1;likableness;concept
sub-008;5,2741847;V1;likableness;concept
sub-009;-1,6943381;V1;likableness;concept
sub-010;4,1972909;V1;likableness;concept
sub-011;1,8468714;V1;likableness;concept
sub-012;-4,9624604;V1;likableness;concept
sub-013;-3,4198879;V1;likableness;concept
sub-014;-3,6516977;V1;likableness;concept
sub-015;1,8386716;V1;likableness;concept
sub-016;-5,1267782;V1;likableness;concept
sub-017;-5,6613893;V1;likableness;concept
sub-018;-1,3020876;V1;likableness;concept
sub-019;-2,71985;V1;likableness;concept
sub-020;-6,1011933;V1;likableness;concept
sub-021;2,8292142;V1;likableness;concept
sub-022;-0,5591665;V1;likableness;concept
sub-023;-8,0950084;V1;likableness;concept
sub-024;1,2291798;V1;likableness;concept
sub-025;6,0689721;V1;likableness;concept
sub-026;-1,240844;V1;likableness;concept
sub-027;-2,287469;V1;likableness;concept
sub-028;-1,8046921;V1;likableness;concept
sub-029;-1,5939047;V1;likableness;concept
sub-030;-1,7917325;V1;likableness;concept